{"schemaVersion":"1.0","appDefinitionTemplate":{"id":"/providers/Microsoft.PowerApps/apps/","type":"Microsoft.PowerApps/apps","tags":{"primaryDeviceWidth":"1366","primaryDeviceHeight":"768","sienaVersion":"20220122T223647Z-3.21123.25.0","deviceCapabilities":"webcam","supportsPortrait":"true","supportsLandscape":"true","primaryFormFactor":"Tablet","publisherVersion":"3.21123.25","minimumRequiredApiVersion":"2.2.0","hasComponent":"true","hasUnlockedComponent":"true","isUnifiedRootApp":"false"},"properties":{"appVersion":"2022-01-22T22:36:47Z","lifeCycleId":"Published","createdByClientVersion":{"major":3,"minor":21123,"build":25,"revision":0,"majorRevision":0,"minorRevision":0},"minClientVersion":{"major":3,"minor":21123,"build":25,"revision":0,"majorRevision":0,"minorRevision":0},"backgroundColor":"RGBA(0,176,240,1)","backgroundImageUri":"/16351707321738551286/N9b8330ea-ad7d-4f81-96ae-b73075b05620-logoSmallFile","displayName":"WickedApp","description":"","commitMessage":"","appUris":{"documentUri":{"value":"/16351707321738551286/N328e4c71-556c-48d7-bab5-93a08d26b8fc-document.msapp"},"imageUris":[]},"createdTime":"0001-01-01T00:00:00Z","lastModifiedTime":"0001-01-01T00:00:00Z","sharedGroupsCount":0,"sharedUsersCount":0,"icons":{"smallIconUri":"/16351707321738551286/N391b0818-65ef-47d0-97d5-ed24eab2501f-small.png","mediumIconUri":"/16351707321738551286/N37d0712e-b2a9-455a-b6c2-05ee8f97233d-medium.png","largeIconUri":"/16351707321738551286/N617dae93-d6fc-4a96-889e-5bbbc4e6c3c8-large.png","wideIconUri":"/16351707321738551286/Na7566536-6036-46ce-9f25-9387fddad90d-wide.png"},"connectionReferences":{"7079f5a7-dec8-4548-a7a8-fb9969d59c1f":{"id":"17ff96e1-6894-4ca6-8560-ad76d6815e99","displayName":"SharePoint","iconUri":"https://connectoricons-prod.azureedge.net/releases/v1.0.1539/1.0.1539.2620/sharepointonline/icon.png","dataSources":["Login","Supervisors"],"dependencies":[],"dependents":[],"parameterHints":{},"parameterHintsV2":{},"isOnPremiseConnection":false,"bypassConsent":false,"dataSets":{"https://cc5893.sharepoint.com/sites/Craig'sTeam":{"dataSources":{"Login":{"tableName":"6e741b1d-1c60-4a78-b3fd-ae2112afe9d2"},"Supervisors":{"tableName":"f5f9affe-5cb9-4318-8d21-9278f9e76814"}}}},"apiTier":"Standard","isCustomApiConnection":false,"actions":["providers/PowerPlatform.Governance/Operations/Read"]},"b1d45d75-7fa3-49b0-9efa-963f07c5c451":{"id":"4044f0dc-a58d-422b-a4f3-55801764f303","displayName":"Office 365 Outlook","iconUri":"https://connectoricons-prod.azureedge.net/releases/v1.0.1538/1.0.1538.2621/office365/icon.png","dataSources":["Office365Outlook"],"dependencies":[],"dependents":[],"parameterHints":{},"parameterHintsV2":{},"isOnPremiseConnection":false,"bypassConsent":false,"dataSets":{},"apiTier":"Standard","isCustomApiConnection":false,"actions":["SendEmail"]},"4d517ab6-34e1-45dc-9106-b285112fa66f":{"id":"a76440b1-b6ce-45a1-8b45-ee9116dc9958","displayName":"Office 365 Users","iconUri":"https://connectoricons-prod.azureedge.net/releases/v1.0.1542/1.0.1542.2635/office365users/icon.png","dataSources":["Office365Users"],"dependencies":[],"dependents":[],"parameterHints":{},"parameterHintsV2":{},"isOnPremiseConnection":false,"bypassConsent":false,"dataSets":{},"apiTier":"Standard","isCustomApiConnection":false,"actions":["SearchUser"]}},"databaseReferences":{},"almMode":"Environment","performanceOptimizationEnabled":true,"canConsumeAppPass":true,"executionRestrictions":{"isTeamsOnly":false,"dataLossPreventionEvaluationResult":{"status":"Compliant","lastEvaluationDate":"2022-01-12T15:42:40.1542788Z","violations":[],"violationsByPolicy":[],"violationErrorMessage":"The app uses the following connectors: ."}}},"appType":"ClassicCanvasApp","appComponents":[]}}